{"accuracy": [0.5844085812568665, 0.8560921549797058, 0.9076890349388123, 0.9352585673332214, 0.9498257637023926, 0.9599260091781616, 0.9667543768882751, 0.9725158214569092, 0.9767977595329285, 0.9781208038330078], "loss": [1.4175103902816772, 0.4523179531097412, 0.28201964497566223, 0.20029936730861664, 0.1528107076883316, 0.1214689165353775, 0.09985668957233429, 0.08347722887992859, 0.06900175660848618, 0.0660010278224945], "val_accuracy": [0.8492488265037537, 0.9129296541213989, 0.9138970971107483, 0.9431481957435608, 0.9260755777359009, 0.9608467817306519, 0.9576029777526855, 0.9656840562820435, 0.9595947861671448, 0.9664807915687561], "val_loss": [0.48345428705215454, 0.27164435386657715, 0.2588857412338257, 0.17909158766269684, 0.23944801092147827, 0.12498056143522263, 0.14328773319721222, 0.11470890790224075, 0.14188578724861145, 0.11199609935283661]}